KatherineHuerta,onereally
LarryMichael,nowstation
ChristopherBennett,leastmust
KeithBishop,civilcreate
DavidStewart,computerpopulation
JamesGutierrez,farenvironment
CindyClark,parentidentify
LauraRivera,methodeffect
CharlesMendez,officerhand
DavidNash,breaklikely
DonnaMartinez,availablebring
LindseyArias,dreamfamily
JonathanTaylor,staymusic
SaraWoods,talkalso
KevinBrown,growfinal
PaulaMartinez,fishPM
MariaPorter,defensepractice
PatrickHobbs,generaldrop
BethanyJimenez,subjectreally
JohnZamora,westernfar
LorettaThomas,supportlater
AliciaReed,redservice
TraciGriffin,atup
DanielHoward,looksame
EricChavez,parentrelate
FeliciaCole,ownimage
MichaelReyes,findbe
BradleyStewart,educationformer
DianaKey,littlebit
MarySavage,yardago
GabrielleHughes,significantcampaign
CristinaRobinson,usuallyreport
VictorArmstrong,endsociety
CherylRomero,hearthere
DanaHouse,sisterkeep
LisaHebert,withreduce
MichaelBowen,becausecut
CodyMiller,styleinternational
TammieReyes,lookstation
MeganAnderson,populationthrough
ChristopherStein,oncandidate
KarenSmith,necessarysound
JeanGriffin,paperlarge
JustinRivera,quicklydecade
MelindaConner,campaignspend
HeatherEllis,recognizeexplain
RachaelEnglish,fewfinally
DebraWood,staffguy
AnneGardner,claimmatter
DawnWilliams,risknorth
JeffreyHall,itemindeed
HollyMcdonald,largeahead
EricaMclaughlin,peroff
SandraPatel,strategyhimself
DavidLopez,babyCongress
JacquelineMoore,politicsmessage
MichaelMcintyre,Ipeace
DavidBarr,marketsouthern
JamesWilliams,fearsimply
BrianArnold,expertdespite
TraceyHobbs,firmstyle
RobertShannon,responsibilitysite
ToddSingleton,trialapply
NicoleSmith,teachfinancial
TaraLong,cellwhy
JustinWelch,throwarm
StephenHernandez,bagthink
SheilaHolmes,localallow
AngelaBaker,environmentfeel
AndrewMoran,electionfight
DonnaSoto,rangewriter
MicheleHansen,sourcesince
GlennTaylor,citizenfather
ZacharyMiller,bylate
SarahPrice,eatfoot
DanaParker,positionplan
TashaSchultz,particularlyduring
KristinaStewart,realthus
ToddVasquez,howusually
AaronChapman,pressurescene
DennisDiaz,mediabecome
JessicaJames,placetelevision
RayFrazier,reasoneight
ElizabethWilliams,understandevening
LauraBurch,moneybegin
VictoriaHo,evidenceprovide
AudreyLewis,buildingprogram
DavidAdams,unitdata
BrittanyKennedy,forcewithin
StephanieDonovan,norprevent
JeremyHale,smilehalf
MeganMorton,cellgas
JamesYoung,thenoutside
PaulHamilton,hardcampaign
CandacePrice,positionmillion
NicholasBrown,modelshort
KarenBennett,bookget
JasonMorgan,pushhospital
StevenJackson,anythingwar
KimberlyKent,otherstop
CherylGonzalez,ourwife
AliciaHoffman,awayexactly
DavidJones,landindicate
ChristinaPierce,greatadult
CaitlinKelly,seekpoint
BradleyHarmon,gamewind
MargaretDecker,issuewhatever
JaniceTurner,debatefirst
NicholasHall,wrongattention
MichaelParsons,andjob
CharlesCampos,moviedream
ErnestGreen,writerstart
AnthonyMiller,fastrelationship
PatriciaMills,policeheavy
SeanSummers,offgeneral
BrittanyBrown,focuspersonal
KathrynSolis,resourcerest
RobertSimmons,backcatch
SpencerGarner,aftereach
JasonPorter,capitalissue
MalloryJohnson,technologyrecent
MarieWebster,gundog
KatieSmith,truthname
ToddJames,anysoon
AshleyVang,imagetrouble
JessicaJennings,ratherthough
CynthiaBradford,defenseofficer
StefanieThomas,technologylanguage
DawnEstrada,homethem
KennethGentry,presidenthow
AmandaFox,boxpositive
StephenHoward,agreecatch
EmmaTorres,physicalpolicy
MadelinePierce,uponrule
MichelleKrause,challengeyour
PaulaPonce,insidecost
AnthonyGrant,itemmemory
DianaMontoya,secondno
TravisDouglas,takelaw
KaitlynCabrera,brothertell
WilliamLane,barabout
IanJones,laughstaff
AdamLane,happenalmost
JamesDelgado,checkbehind
RobinReyes,hospitalhealth
CrystalWalker,seriesvarious
RyanWong,coachamong
LindsayWilliams,monthmillion
ElaineSmith,factmore
JamesCampbell,internationallearn
